s,l,n,m,metric,q,d_L,d_dec,d_bnd,n_sdp,tau,c,delta,alpha,r,status,runtime_s,solver,solver_status,c_floor,cond_P
1,1,2,4,q,2,2,6,0,6815,0.0001,1.0,1/250,-0.001926223462157023,0.0019262234620388127,certified,22.881774799898267,mosek,optimal,,
2,1,2,4,q,2,2,6,0,6815,0.0001,1.0,1/250,-0.0006265092016418751,0.0006265092023294982,certified,32.94164700061083,mosek,optimal,,
0,2,2,4,q,2,2,8,0,23031,0.0001,1.0,1/250,-0.0015457548104689718,0.0015457548122777096,certified,92.80830520018935,mosek,optimal,,
1,2,2,4,q,2,2,8,0,23031,0.0001,1.0,1/250,-0.00042317708333333075,0.00042317708333333335,certified,69.02767490036786,mosek,optimal,,
0,1,2,4,q,1,2,8,2,24186,0.0001,1.0,1/250,-0.00625071313669622,0.00625071313728541,certified,87.13858219981194,mosek,optimal,,
1,1,2,4,q,1,2,6,2,7970,0.0001,1.0,1/250,-0.0012841489747713456,0.0012841489746925419,certified,26.001045498996973,mosek,optimal,,
2,1,2,4,q,1,2,8,2,24186,0.0001,1.0,1/250,-0.00046988190123140565,0.00046988190174712365,certified,100.13769860006869,mosek,optimal,,
0,2,2,4,q,1,2,8,2,24186,0.0001,1.0,1/250,-0.0010305032069793205,0.0010305032081851398,certified,101.98652520030737,mosek,optimal,,
1,2,2,4,q,1,2,6,2,7970,0.0001,1.0,1/250,-0.0003173828125000029,0.0003173828125,certified,31.4761207010597,mosek,optimal,,
2,2,2,4,q,1,2,8,2,24186,0.0001,1.0,1/250,-0.00012233976731432868,0.00012233976779122785,certified,104.56605270132422,mosek,optimal,,
0,3,2,4,q,1,2,8,2,24186,0.0001,1.0,1/250,-0.00015578882971470563,0.00015578882965766114,certified,108.13284919969738,mosek,optimal,,
0,1,4,4,q,1,2,6,2,7970,0.0001,1.0,1/250,-0.0006950750017655856,0.0006950750020191439,certified,18.39673350006342,mosek,optimal,,
1,1,4,4,q,1,2,6,2,7970,0.0001,1.0,1/250,-0.00021895253924962034,0.00021895253109125942,certified,22.150789998471737,mosek,optimal,,
2,1,4,4,q,1,2,8,2,24186,0.0001,1.0,1/250,-7.964828601192926e-05,7.964828991977531e-05,certified,118.90298520028591,mosek,optimal,,
0,2,4,4,q,1,2,8,2,24186,0.0001,1.0,1/250,-2.1938444737194435e-05,2.1938444381472984e-05,certified,97.41645759902894,mosek,optimal,,
1,2,4,4,q,1,2,6,2,7970,0.0001,1.0,1/250,-8.855737475758752e-06,8.855737505819484e-06,certified,38.14072080142796,mosek,optimal,,
2,2,4,4,q,1,2,8,2,24186,0.0001,1.0,1/250,-3.6907609786885785e-06,3.6907587092678643e-06,certified,111.88396730087698,mosek,optimal,,
0,1,4,4,q,0,6,10,6,97518,0.0001,1.0,1/250,-0.0005213062513241924,0.000521306251514358,certified,823.5335579011589,mosek,optimal,,
2,2,2,2,q,2,2,4,0,199,0.0001,1.0,1/250,-0.017295295997540816,0.01729529599672325,certified,0.746357599273324,mosek,optimal,,
0,3,2,2,q,2,2,4,0,199,0.0001,1.0,1/250,-0.032222798486646886,0.03222279848811047,certified,0.5444686990231276,mosek,optimal,,
1,3,2,2,q,2,2,6,0,405,0.0001,1.0,1/250,-0.020592647819472676,0.02059264781820904,certified,1.0609348993748426,mosek,optimal,,
2,3,2,2,q,2,2,4,0,199,0.0001,1.0,1/250,-0.014478798989835673,0.014478798989541583,certified,0.6191440001130104,mosek,optimal,,
0,1,3,2,q,2,2,4,0,199,0.0001,1.0,1/250,-0.04871280977705328,0.04871280977541749,certified,0.640802301466465,mosek,optimal,,
1,1,3,2,q,2,2,4,0,199,0.0001,1.0,1/250,-0.022852107569267005,0.02285210756836688,certified,0.5891467984765768,mosek,optimal,,
2,1,3,2,q,2,2,4,0,199,0.0001,1.0,1/250,-0.013737973504974715,0.013737973505417198,certified,1.0630540996789932,mosek,optimal,,
0,2,3,2,q,2,2,4,0,199,0.0001,1.0,1/250,-0.02580313459714939,0.025803134596061567,certified,0.5964007992297411,mosek,optimal,,
1,2,3,2,q,2,2,4,0,199,0.0001,1.0,1/250,-0.0166523366405959,0.01665233663766943,certified,0.7039713002741337,mosek,optimal,,
2,2,3,2,q,2,2,4,0,199,0.0001,1.0,1/250,-0.01162443170150923,0.011624431700310477,certified,0.9910147003829479,mosek,optimal,,
0,3,3,2,q,2,2,4,0,199,0.0001,1.0,1/250,-0.016074367090180175,0.016074367090793785,certified,0.563272500410676,mosek,optimal,,
1,3,3,2,q,2,2,6,0,405,0.0001,1.0,1/250,-0.01181529023734984,0.011815290237518632,certified,1.2664563991129398,mosek,optimal,,
2,3,3,2,q,2,2,4,0,199,0.0001,1.0,1/250,-0.009037642045454541,0.009037642045454545,certified,0.8105604015290737,mosek,optimal,,
0,1,4,2,q,2,2,4,0,199,0.0001,1.0,1/250,-0.030688051662089544,0.030688051658086433,certified,0.7659901008009911,mosek,optimal,,
1,1,4,2,q,2,2,4,0,199,0.0001,1.0,1/250,-0.016989177352640605,0.01698917735404324,certified,0.5429223999381065,mosek,optimal,,
2,1,4,2,q,2,2,4,0,199,0.0001,1.0,1/250,-0.010809559998463003,0.010809560014544974,certified,0.7582085002213717,mosek,optimal,,
0,2,4,2,q,2,2,4,0,199,0.0001,1.0,1/250,-0.015255241096507943,0.01525524109456004,certified,0.6001086011528969,mosek,optimal,,
1,2,4,2,q,2,2,4,0,199,0.0001,1.0,1/250,-0.010828303765606895,0.010828303765571338,certified,1.9160232990980148,mosek,optimal,,
2,2,4,2,q,2,2,4,0,199,0.0001,1.0,1/250,-0.008048523011613073,0.008048523013650149,certified,0.654093699529767,mosek,optimal,,
0,3,4,2,q,2,2,4,0,199,0.0001,1.0,1/250,-0.009466674123097873,0.00946667412356365,certified,0.6022200006991625,mosek,optimal,,
1,3,4,2,q,2,2,6,0,405,0.0001,1.0,1/250,-0.007465598146205621,0.007465598144145094,certified,0.8345410004258156,mosek,optimal,,
2,3,4,2,q,2,2,4,0,199,0.0001,1.0,1/250,-0.0060294241217652145,0.006029424120349693,certified,0.700305100530386,mosek,optimal,,
0,1,4,3,q,2,2,6,0,1880,0.0001,1.0,1/250,-0.003833576786279414,0.0038335767859548867,certified,5.477384399622679,mosek,optimal,,
1,1,4,3,q,2,2,6,0,1880,0.0001,1.0,1/250,-0.0015431444633737027,0.0015431444632961887,certified,4.288122599944472,mosek,optimal,,
2,1,4,3,q,2,2,6,0,1880,0.0001,1.0,1/250,-0.0007174633177048258,0.0007174633187536317,certified,7.397326100617647,mosek,optimal,,
0,2,4,3,q,2,2,8,0,4850,0.0001,1.0,1/250,-0.00033230299242196094,0.0003323029926603332,certified,12.595114599913359,mosek,optimal,,
1,2,4,3,q,2,2,6,0,1880,0.0001,1.0,1/250,-0.00017922367092674054,0.0001792236711415847,certified,4.1300996001809835,mosek,optimal,,
2,2,4,3,q,2,2,6,0,1880,0.0001,1.0,1/250,-9.842258891765375e-05,9.842258874121294e-05,certified,4.937848400324583,mosek,optimal,,
0,3,4,3,q,2,2,8,0,4850,0.0001,1.0,1/250,-3.708373264632567e-05,3.7083735073796635e-05,certified,12.580804400146008,mosek,optimal,,
1,3,4,3,q,2,2,6,0,1880,0.0001,1.0,1/250,-2.251114594004314e-05,2.2511146534901423e-05,certified,5.527871400117874,mosek,optimal,,
2,3,4,3,q,2,2,6,0,1880,0.0001,1.0,1/250,-1.3503806207663918e-05,1.350380537235393e-05,certified,7.275634299963713,mosek,optimal,,
2,2,2,4,q,2,2,6,0,6815,0.0001,1.0,1/250,-0.00015292470914290786,0.00015292471040515934,certified,30.653114199638367,mosek,optimal,,
0,3,2,4,q,2,2,8,0,23031,0.0001,1.0,1/250,-0.0002077184396196235,0.00020771843954354817,certified,130.08816540054977,mosek,optimal,,
1,3,2,4,q,2,2,6,0,6815,0.0001,1.0,1/250,-7.351864714636796e-05,7.351867424681125e-05,certified,25.8124803006649,mosek,optimal,,
2,3,2,4,q,2,2,6,0,6815,0.0001,1.0,1/250,-2.9852653870632987e-05,2.9852655820201718e-05,certified,21.81259509921074,mosek,optimal,,
0,1,3,4,q,2,2,6,0,6815,0.0001,1.0,1/250,-0.003045434380465446,0.0030454343811735667,certified,18.502174198627472,mosek,optimal,,
1,1,3,4,q,2,2,6,0,6815,0.0001,1.0,1/250,-0.000739128916533921,0.0007391289152150529,certified,22.37191740050912,mosek,optimal,,
2,1,3,4,q,2,2,6,0,6815,0.0001,1.0,1/250,-0.00024660923040831033,0.0002466091245376079,certified,24.669284800067544,mosek,optimal,,
0,2,3,4,q,2,2,8,0,23031,0.0001,1.0,1/250,-0.00017704653816774736,0.00017704653955057608,certified,77.29146800003946,mosek,optimal,,
1,2,3,4,q,2,2,6,0,6815,0.0001,1.0,1/250,-6.307495456525568e-05,6.30749524511897e-05,certified,16.830875400453806,mosek,optimal,,
2,2,3,4,q,2,2,6,0,6815,0.0001,1.0,1/250,-2.4527762500198714e-05,2.452776389574474e-05,certified,22.51495400071144,mosek,optimal,,
0,3,3,4,q,2,2,8,0,23031,0.0001,1.0,1/250,-1.2065413818171992e-05,1.2065412083181145e-05,certified,77.51700549945235,mosek,optimal,,
1,3,3,4,q,2,2,8,0,23031,0.0001,1.0,1/250,-5.099978466251449e-06,5.099978707588896e-06,certified,83.67102270014584,mosek,optimal,,
2,3,3,4,q,2,2,6,0,6815,0.0001,1.0,1/250,-2.2064555775111446e-06,2.2064558692277734e-06,certified,22.532920399680734,mosek,optimal,,
0,1,4,4,q,2,2,6,0,6815,0.0001,1.0,1/250,-0.0009267666690207857,0.0009267666685083852,certified,19.734798301011324,mosek,optimal,,
1,1,4,4,q,2,2,6,0,6815,0.0001,1.0,1/250,-0.00027369067406202163,0.0002736906756603865,certified,20.414788400754333,mosek,optimal,,
2,1,4,4,q,2,2,6,0,6815,0.0001,1.0,1/250,-9.557794321431752e-05,9.557792787052377e-05,certified,22.74128109961748,mosek,optimal,,
0,2,4,4,q,2,2,8,0,23031,0.0001,1.0,1/250,-2.5594852193390622e-05,2.559485177838515e-05,certified,69.82361559942365,mosek,optimal,,
1,2,4,4,q,2,2,6,0,6815,0.0001,1.0,1/250,-1.0120842829443312e-05,1.0120842863793696e-05,certified,20.64593709819019,mosek,optimal,,
2,2,4,4,q,2,2,6,0,6815,0.0001,1.0,1/250,-4.152106101023836e-06,4.152105463478772e-06,certified,19.92295510135591,mosek,optimal,,
0,3,4,4,q,2,2,10,0,67295,0.0001,1.0,1/250,-8.978465947295546e-07,1e-06,certified,306.2749827001244,mosek,optimal,,
1,3,4,4,q,2,2,8,0,23031,0.0001,1.0,1/250,-4.026778152560692e-07,0.0,certified,80.1936201993376,mosek,optimal,,
2,3,4,4,q,2,2,6,0,6815,0.0001,1.0,1/250,-1.805011406274332e-07,0.0,certified,17.979347299784422,mosek,optimal,,
0,1,2,2,q,1,2,8,6,1671,0.0001,1.0,1/250,-0.04823628253278145,0.048236282533273694,certified,2.4627417996525764,mosek,optimal,,
1,1,2,2,q,1,4,6,4,805,0.0001,1.0,1/250,-0.02006987060924531,0.020069870606194102,certified,2.3670135997235775,mosek,optimal,,
2,1,2,2,q,1,2,8,2,882,0.0001,1.0,1/250,-0.012766681494799037,0.012766681495844581,certified,1.2236662004143,mosek,optimal,,
0,2,2,2,q,1,2,6,6,1314,0.0001,1.0,1/250,-0.0347831764754582,0.03478317647168562,certified,1.869328498840332,mosek,optimal,,
1,2,2,2,q,1,2,8,4,1155,0.0001,1.0,1/250,-0.020312499999999956,0.0203125,certified,1.6112494990229607,mosek,optimal,,
2,2,2,2,q,1,2,8,2,882,0.0001,1.0,1/250,-0.013836236798032642,0.013836236797623816,certified,1.3386429008096457,mosek,optimal,,
0,3,2,2,q,1,2,6,6,1314,0.0001,1.0,1/250,-0.024167098864985193,0.024167098866082856,certified,2.0931092016398907,mosek,optimal,,
1,3,2,2,q,1,2,8,6,1671,0.0001,1.0,1/250,-0.016474118255578096,0.016474118255365156,certified,2.888374300673604,mosek,optimal,,
2,3,2,2,q,1,2,8,2,882,0.0001,1.0,1/250,-0.012065665824863125,0.012065665823372871,certified,1.4866430014371872,mosek,optimal,,
0,1,3,2,q,1,2,6,4,798,0.0001,1.0,1/250,-0.03247520651803554,0.03247520651812992,certified,1.3669956997036934,mosek,optimal,,
1,1,3,2,q,1,2,8,2,882,0.0001,1.0,1/250,-0.017139080676950275,0.017139080676275162,certified,1.500272199511528,mosek,optimal,,
2,1,3,2,q,1,2,8,2,882,0.0001,1.0,1/250,-0.010990378803979767,0.010990378803621477,certified,1.5006170012056828,mosek,optimal,,
0,2,3,2,q,1,2,8,2,882,0.0001,1.0,1/250,-0.020642507677719524,0.02064250767684925,certified,1.8716225009411573,mosek,optimal,,
1,2,3,2,q,1,2,8,2,882,0.0001,1.0,1/250,-0.013876947200496481,0.013876947198057859,certified,1.4790966007858515,mosek,optimal,,
2,2,3,2,q,1,2,8,2,882,0.0001,1.0,1/250,-0.009963798601293594,0.009963798602294864,certified,1.494276100769639,mosek,optimal,,
0,3,3,2,q,1,2,8,4,1155,0.0001,1.0,1/250,-0.013778028934440134,0.0137780289349661,certified,1.8270018994808197,mosek,optimal,,
1,3,3,2,q,1,2,8,2,882,0.0001,1.0,1/250,-0.010338378957681083,0.010338378957828803,certified,1.8027354013174772,mosek,optimal,,
2,3,3,2,q,1,2,10,2,1453,0.0001,1.0,1/250,-0.00803345959595958,0.008033459595959596,certified,2.3185504991561174,mosek,optimal,,
0,1,4,2,q,1,2,8,2,882,0.0001,1.0,1/250,-0.02301603874656713,0.023016038746269864,certified,1.346433999016881,mosek,optimal,,
1,1,4,2,q,1,2,8,2,882,0.0001,1.0,1/250,-0.013591341882112473,0.013591341880689443,certified,1.6174267996102571,mosek,optimal,,
2,1,4,2,q,1,2,6,2,525,0.0001,1.0,1/250,-0.009007966665385836,0.009007966661559164,certified,1.1282337009906769,mosek,optimal,,
0,2,4,2,q,1,2,6,4,798,0.0001,1.0,1/250,-0.013075920939863983,0.013075920941243265,certified,1.4529924001544714,mosek,optimal,,
1,2,4,2,q,1,2,8,2,882,0.0001,1.0,1/250,-0.009474765794906026,0.009474765795130308,certified,1.3833367004990578,mosek,optimal,,
2,2,4,2,q,1,2,8,2,882,0.0001,1.0,1/250,-0.007154242676989442,0.007154242675640153,certified,1.265829099342227,mosek,optimal,,
0,3,4,2,q,1,2,8,2,882,0.0001,1.0,1/250,-0.008520006710788008,0.008520006713330898,certified,1.2217565011233091,mosek,optimal,,
1,3,4,2,q,1,2,6,4,798,0.0001,1.0,1/250,-0.0067869074056413625,0.006786907403768267,certified,1.1175228003412485,mosek,optimal,,
2,3,4,2,q,1,2,8,2,882,0.0001,1.0,1/250,-0.0055269721116180115,0.0055269721122486355,certified,1.1735688988119364,mosek,optimal,,
0,1,2,3,q,1,4,6,4,3887,0.0001,1.0,1/250,-0.016831563563616328,0.016831563563667887,certified,14.681720899417996,mosek,optimal,,
1,1,2,3,q,1,2,6,2,2312,0.0001,1.0,1/250,-0.004070314601394799,0.004070314600699113,certified,5.334882199764252,mosek,optimal,,
2,1,2,3,q,1,2,6,2,2312,0.0001,1.0,1/250,-0.0019574328891557046,0.001957432886000688,certified,5.302261300384998,mosek,optimal,,
0,2,2,3,q,1,4,6,4,3887,0.0001,1.0,1/250,-0.004050814268761515,0.00405081426806189,certified,13.990229399874806,mosek,optimal,,
1,2,2,3,q,1,2,8,2,5282,0.0001,1.0,1/250,-0.001783264746227716,0.0017832647462277093,certified,10.286409201100469,mosek,optimal,,
2,2,2,3,q,1,2,8,2,5282,0.0001,1.0,1/250,-0.0009183530466621791,0.0009183530471133004,certified,9.69552900083363,mosek,optimal,,
0,3,2,3,q,1,4,6,4,3887,0.0001,1.0,1/250,-0.0010099935844955195,0.0010099935672425757,certified,12.10111939907074,mosek,optimal,,
1,3,2,3,q,1,2,8,2,5282,0.0001,1.0,1/250,-0.0005788920011559244,0.0005788920007106398,certified,9.559455800801516,mosek,optimal,,
2,3,2,3,q,1,2,6,2,2312,0.0001,1.0,1/250,-0.0003319890535428867,0.0003319890563031944,certified,5.3572140000760555,mosek,optimal,,
0,1,3,3,q,1,2,6,6,8196,0.0001,1.0,1/250,-0.006326205190666038,0.0063262051909668444,certified,23.400213399901986,mosek,optimal,,
1,1,3,3,q,1,2,8,2,5282,0.0001,1.0,1/250,-0.002347736150815803,0.002347736149553186,certified,9.793682400137186,mosek,optimal,,
2,1,3,3,q,1,2,6,2,2312,0.0001,1.0,1/250,-0.0011084045364151177,0.0011084045418809367,certified,4.756910098716617,mosek,optimal,,
0,2,3,3,q,1,2,8,2,5282,0.0001,1.0,1/250,-0.0010136312224144264,0.0010136312167929624,certified,9.395696299150586,mosek,optimal,,
1,2,3,3,q,1,2,6,2,2312,0.0001,1.0,1/250,-0.0005233106098669846,0.0005233106108760932,certified,5.039968499913812,mosek,optimal,,
2,2,3,3,q,1,2,6,2,2312,0.0001,1.0,1/250,-0.0002806089225602004,0.00028060892135934977,certified,5.4765239004045725,mosek,optimal,,
0,3,3,3,q,1,2,8,2,5282,0.0001,1.0,1/250,-0.00017380769276152309,0.00017380769201276976,certified,11.724394600838423,mosek,optimal,,
1,3,3,3,q,1,2,6,2,2312,0.0001,1.0,1/250,-0.00010468071193455038,0.00010468070797994783,certified,5.818307699635625,mosek,optimal,,
2,3,3,3,q,1,2,6,2,2312,0.0001,1.0,1/250,-6.191665773820894e-05,6.191665664206511e-05,certified,5.952281000092626,mosek,optimal,,
0,1,4,3,q,1,2,8,2,5282,0.0001,1.0,1/250,-0.0028751825897095715,0.002875182590215688,certified,12.978594899177551,mosek,optimal,,
1,1,4,3,q,1,2,6,2,2312,0.0001,1.0,1/250,-0.0012345155706989604,0.0012345155718509256,certified,5.670954799279571,mosek,optimal,,
2,1,4,3,q,1,2,6,2,2312,0.0001,1.0,1/250,-0.0005978860980873635,0.0005978860989613598,certified,5.652555899694562,mosek,optimal,,
0,2,4,3,q,1,2,6,2,2312,0.0001,1.0,1/250,-0.00028483113636167275,0.00028483113725852034,certified,4.599661700427532,mosek,optimal,,
1,2,4,3,q,1,2,6,2,2312,0.0001,1.0,1/250,-0.00015682071206092585,0.00015682071129611557,certified,4.934067299589515,mosek,optimal,,
2,2,4,3,q,1,2,6,2,2312,0.0001,1.0,1/250,-8.748674570460311e-05,8.748674443266172e-05,certified,5.466759299859405,mosek,optimal,,
0,3,4,3,q,1,2,6,2,2312,0.0001,1.0,1/250,-3.337535938166222e-05,3.337535757389143e-05,certified,4.213703298941255,mosek,optimal,,
1,3,4,3,q,1,2,6,2,2312,0.0001,1.0,1/250,-2.0464678127284096e-05,2.046467742821476e-05,certified,4.547326499596238,mosek,optimal,,
2,3,4,3,q,1,2,6,2,2312,0.0001,1.0,1/250,-1.2378489023728132e-05,1.2378489650963727e-05,certified,5.6609592996537685,mosek,optimal,,
1,3,2,4,q,1,2,8,2,24186,0.0001,1.0,1/250,-5.881491771710378e-05,5.881491696459968e-05,certified,92.70662730000913,mosek,optimal,,
2,3,2,4,q,1,2,8,2,24186,0.0001,1.0,1/250,-2.4877211558867636e-05,2.4877213183501433e-05,certified,82.38857949897647,mosek,optimal,,
0,1,3,4,q,1,2,6,2,7970,0.0001,1.0,1/250,-0.002030289586976968,0.002030289585457678,certified,25.895992301404476,mosek,optimal,,
1,1,3,4,q,1,2,6,2,7970,0.0001,1.0,1/250,-0.0005543466874004411,0.0005543466871998304,certified,28.44550280086696,mosek,optimal,,
2,1,3,4,q,1,2,8,2,24186,0.0001,1.0,1/250,-0.0001972873843266482,0.0001972873842437717,certified,83.49956689961255,mosek,optimal,,
0,2,3,4,q,1,2,8,2,24186,0.0001,1.0,1/250,-0.00014163723053421372,0.00014163722952736745,certified,92.78644799999893,mosek,optimal,,
1,2,3,4,q,1,2,6,2,7970,0.0001,1.0,1/250,-5.2562462137708014e-05,5.2562471002194484e-05,certified,22.417891699820757,mosek,optimal,,
2,2,3,4,q,1,2,8,2,24186,0.0001,1.0,1/250,-2.102379642874859e-05,2.102379578325728e-05,certified,91.16401319950819,mosek,optimal,,
0,3,3,4,q,1,2,8,2,24186,0.0001,1.0,1/250,-1.0341783272727407e-05,1.0341783000952738e-05,certified,78.67717530019581,mosek,optimal,,
1,3,3,4,q,1,2,6,2,7970,0.0001,1.0,1/250,-4.4624811579712565e-06,4.462482791550735e-06,certified,26.687884099781513,mosek,optimal,,
2,3,3,4,q,1,2,8,2,24186,0.0001,1.0,1/250,-1.9612938466707723e-06,1.9612919422281847e-06,certified,90.91932670027018,mosek,optimal,,
0,3,4,4,q,1,2,8,2,24186,0.0001,1.0,1/250,-8.080619352423948e-07,1e-06,certified,91.4372869990766,mosek,optimal,,
1,3,4,4,q,1,2,6,2,7970,0.0001,1.0,1/250,-3.6607074113330545e-07,0.0,certified,25.820065800100565,mosek,optimal,,
2,3,4,4,q,1,2,8,2,24186,0.0001,1.0,1/250,-1.6545937890265026e-07,0.0,certified,86.37814440019429,mosek,optimal,,
0,1,2,2,q,0,4,6,4,805,0.0001,1.0,1/250,-0.024118141266390725,0.024118141266636847,certified,2.6331162992864847,mosek,optimal,,
1,1,2,2,q,0,4,12,4,2593,0.0001,1.0,1/250,-0.01337991373949686,0.013379913737462733,certified,4.965036200359464,mosek,optimal,,
2,1,2,2,q,0,2,8,6,1671,0.0001,1.0,1/250,-0.009575011121099264,0.009575011123288308,certified,2.3838873002678156,mosek,optimal,,
0,2,2,2,q,0,2,6,2,525,0.0001,1.0,1/250,-0.023188784316972105,0.02318878431445708,certified,0.8158233985304832,mosek,optimal,,
1,2,2,2,q,0,4,8,6,1678,0.0001,1.0,1/250,-0.015234374999999967,0.015234375,certified,3.0613088998943567,mosek,optimal,,
2,2,2,2,q,0,6,14,10,6612,0.0001,1.0,1/250,-0.01106898943842613,0.011068989439887534,certified,16.955807000398636,mosek,optimal,,
0,3,2,2,q,0,2,6,2,525,0.0001,1.0,1/250,-0.01812532414873891,0.018125324185056347,certified,0.8157480005174875,mosek,optimal,,
1,3,2,2,q,0,4,8,4,1162,0.0001,1.0,1/250,-0.013179294604462433,0.013179294604292123,certified,2.587076500058174,mosek,optimal,,
2,3,2,2,q,0,6,14,6,4356,0.0001,1.0,1/250,-0.01005472152071929,0.010054721520369745,certified,10.305958500131965,mosek,optimal,,
0,1,3,2,q,0,2,6,2,525,0.0001,1.0,1/250,-0.02165013767869034,0.02165013767391993,certified,0.9897456001490355,mosek,optimal,,
1,1,3,2,q,0,2,10,6,2242,0.0001,1.0,1/250,-0.012854310507712713,0.012854310508015263,certified,3.452293299138546,mosek,optimal,,
2,1,3,2,q,0,6,14,6,4356,0.0001,1.0,1/250,-0.008792303043183819,0.008792303041742923,certified,8.467005399987102,mosek,optimal,,
0,2,3,2,q,0,2,6,2,525,0.0001,1.0,1/250,-0.016514006142175575,0.016514006144135642,certified,0.8402028996497393,mosek,optimal,,
1,2,3,2,q,0,4,8,4,1162,0.0001,1.0,1/250,-0.011564122667080456,0.01156412266634503,certified,2.9086512997746468,mosek,optimal,,
2,2,3,2,q,0,6,14,10,6612,0.0001,1.0,1/250,-0.008540398801108795,0.008540398810404371,certified,15.35516620054841,mosek,optimal,,
0,3,3,2,q,0,2,6,2,525,0.0001,1.0,1/250,-0.011809739086663051,0.0118097390868562,certified,0.7659240998327732,mosek,optimal,,
1,3,3,2,q,0,2,10,6,2242,0.0001,1.0,1/250,-0.009046081587970989,0.009046081587725865,certified,3.0225512012839317,mosek,optimal,,
2,3,3,2,q,0,6,14,6,4356,0.0001,1.0,1/250,-0.0071408529741863735,0.007140852974186308,certified,10.501444699242711,mosek,optimal,,
0,1,4,2,q,0,2,6,2,525,0.0001,1.0,1/250,-0.017262029059925355,0.017262029059702397,certified,0.9513454996049404,mosek,optimal,,
1,1,4,2,q,0,4,8,6,1678,0.0001,1.0,1/250,-0.010873073505689973,0.010873073509239087,certified,3.7066860999912024,mosek,optimal,,
2,1,4,2,q,0,6,14,6,4356,0.0001,1.0,1/250,-0.007506638887821548,0.007506638887228574,certified,10.966574998572469,mosek,optimal,,
0,2,4,2,q,0,2,6,2,525,0.0001,1.0,1/250,-0.01120793223416916,0.011207932235351369,certified,1.0379763003438711,mosek,optimal,,
1,2,4,2,q,0,2,10,6,2242,0.0001,1.0,1/250,-0.00829042007054287,0.00829042007073902,certified,3.6535525992512703,mosek,optimal,,
2,2,4,2,q,0,6,14,6,4356,0.0001,1.0,1/250,-0.006359326823990541,0.006359326822791248,certified,10.171427499502897,mosek,optimal,,
0,3,4,2,q,0,2,6,2,525,0.0001,1.0,1/250,-0.007668006039709296,0.007668006043004895,certified,0.785775201395154,mosek,optimal,,
1,3,4,2,q,0,2,10,2,1453,0.0001,1.0,1/250,-0.006169915823310279,0.006169915826115747,certified,1.825263699516654,mosek,optimal,,
2,3,4,2,q,0,4,10,4,1733,0.0001,1.0,1/250,-0.0050663911023165475,0.005066391103365393,certified,3.4342165999114513,mosek,optimal,,
0,1,2,3,q,0,4,8,4,6857,0.0001,1.0,1/250,-0.008415781781808164,0.008415781781833944,certified,20.42418230138719,mosek,optimal,,
1,1,2,3,q,0,4,8,4,6857,0.0001,1.0,1/250,-0.002713543067596538,0.0027135430671327418,certified,22.093273900449276,mosek,optimal,,
2,1,2,3,q,0,2,8,2,5282,0.0001,1.0,1/250,-0.0014680746668667736,0.0014680746645005162,certified,12.510622100904584,mosek,optimal,,
0,2,2,3,q,0,4,8,4,6857,0.0001,1.0,1/250,-0.0027005428458410307,0.0027005428363883247,certified,22.54082129895687,mosek,optimal,,
1,2,2,3,q,0,4,8,4,6857,0.0001,1.0,1/250,-0.0013374485596707789,0.001337448559670782,certified,24.896861100569367,mosek,optimal,,
2,2,2,3,q,0,2,12,2,23866,0.0001,1.0,1/250,-0.0007346824373297655,0.0007346824363425925,certified,55.94908140040934,mosek,optimal,,
0,3,2,3,q,0,4,8,4,6857,0.0001,1.0,1/250,-0.0007574951883716448,0.0007574951891530702,certified,23.120072700083256,mosek,optimal,,
1,3,2,3,q,0,4,8,4,6857,0.0001,1.0,1/250,-0.00046311360092476185,0.0004631136005685119,certified,20.878466200083494,mosek,optimal,,
2,3,2,3,q,0,2,8,4,6842,0.0001,1.0,1/250,-0.000276657544619049,0.00027665753951938135,certified,18.623722499236465,mosek,optimal,,
0,1,3,3,q,0,4,8,4,6857,0.0001,1.0,1/250,-0.004217470127110707,0.004217470127311229,certified,18.283246099948883,mosek,optimal,,
1,1,3,3,q,0,4,8,4,6857,0.0001,1.0,1/250,-0.0017608021131118614,0.0017608021121648893,certified,21.47515010088682,mosek,optimal,,
2,1,3,3,q,0,2,12,4,25426,0.0001,1.0,1/250,-0.0008867236291320975,0.0008867236282015146,certified,73.67105169966817,mosek,optimal,,
0,2,3,3,q,0,4,8,4,6857,0.0001,1.0,1/250,-0.0008109049779315626,0.0008109049761199276,certified,19.43194980174303,mosek,optimal,,
1,2,3,3,q,0,4,8,4,6857,0.0001,1.0,1/250,-0.00043609217488917553,0.0004360921747268657,certified,25.187911801040173,mosek,optimal,,
2,2,3,3,q,0,2,8,4,6842,0.0001,1.0,1/250,-0.00024052193362301882,0.0002405219325937284,certified,19.444929799064994,mosek,optimal,,
0,3,3,3,q,0,4,8,4,6857,0.0001,1.0,1/250,-0.00014897802236705457,0.00014897801084559918,certified,18.600056398659945,mosek,optimal,,
1,3,3,3,q,0,4,8,4,6857,0.0001,1.0,1/250,-9.159562294272314e-05,9.159562309631485e-05,certified,20.377856699749827,mosek,optimal,,
2,3,3,3,q,0,2,12,2,23866,0.0001,1.0,1/250,-5.503702910061588e-05,5.503702918170676e-05,certified,64.92866859957576,mosek,optimal,,
0,1,4,3,q,0,4,8,4,6857,0.0001,1.0,1/250,-0.002156386942282162,0.0021563869426617656,certified,19.84207160025835,mosek,optimal,,
1,1,4,3,q,0,4,8,4,6857,0.0001,1.0,1/250,-0.0009876124565591745,0.0009876124574807405,certified,24.436517000198364,mosek,optimal,,
2,1,4,3,q,0,2,12,2,23866,0.0001,1.0,1/250,-0.0004982384150728077,0.0004982384150387206,certified,56.67997029982507,mosek,optimal,,
0,2,4,3,q,0,4,8,4,6857,0.0001,1.0,1/250,-0.00024414097402429325,0.00024414097356567177,certified,18.938748000189662,mosek,optimal,,
1,2,4,3,q,0,4,8,4,6857,0.0001,1.0,1/250,-0.00013721812305330573,0.00013721813108905456,certified,25.41839849948883,mosek,optimal,,
2,2,4,3,q,0,2,12,2,23866,0.0001,1.0,1/250,-7.776599618183411e-05,7.776599505125487e-05,certified,55.88773440010846,mosek,optimal,,
0,3,4,3,q,0,4,8,4,6857,0.0001,1.0,1/250,-3.0037823443499877e-05,3.0037823627511764e-05,certified,23.94450549967587,mosek,optimal,,
1,3,4,3,q,0,2,10,2,11604,0.0001,1.0,1/250,-1.860425284299711e-05,1.8604251787081493e-05,certified,24.07717639952898,mosek,optimal,,
2,3,4,3,q,0,2,8,2,5282,0.0001,1.0,1/250,-1.134694827171353e-05,1.1346947509020823e-05,certified,10.462637200951576,mosek,optimal,,
0,1,2,4,q,0,2,8,2,24186,0.0001,1.0,1/250,-0.00312535656834811,0.003125356568642705,certified,91.29897079989314,mosek,optimal,,
1,1,2,4,q,0,2,10,4,74475,0.0001,1.0,1/250,-0.0008560993165142301,0.0008560993164616946,certified,489.0002089012414,mosek,optimal,,
2,1,2,4,q,0,2,8,4,30211,0.0001,1.0,1/250,-0.00035241142592355224,0.0003524114250454145,certified,154.82077109999955,mosek,optimal,,
0,2,2,4,q,0,2,8,4,30211,0.0001,1.0,1/250,-0.0006870021379862045,0.0006870021371672819,certified,145.32626900076866,mosek,optimal,,
1,2,2,4,q,0,2,8,4,30211,0.0001,1.0,1/250,-0.00023803710937499856,0.000238037109375,certified,152.64941249974072,mosek,optimal,,
2,2,4,4,q,0,2,10,2,68450,0.0001,1.0,1/250,-3.280676425503162e-06,3.2806748566891867e-06,certified,453.7307031992823,mosek,optimal,,
0,3,2,4,q,0,4,8,4,30237,0.0001,1.0,1/250,-0.00011684162228603076,0.00011684162060484627,certified,167.09724779985845,mosek,optimal,,
1,3,2,4,q,0,4,10,4,74501,0.0001,1.0,1/250,-4.705193417367637e-05,4.705193488012213e-05,certified,598.8585429005325,mosek,optimal,,
2,3,2,4,q,0,2,10,2,68450,0.0001,1.0,1/250,-2.0731009632379233e-05,2.0731009962977873e-05,certified,498.5501055996865,mosek,optimal,,
0,1,3,4,q,0,2,6,4,13995,0.0001,1.0,1/250,-0.0013535263913179766,0.0013535263924973069,certified,60.557698799297214,mosek,optimal,,
1,1,3,4,q,0,2,8,4,30211,0.0001,1.0,1/250,-0.0004157600155503335,0.00041576001608810496,certified,158.40350310131907,mosek,optimal,,
2,1,3,4,q,0,2,8,2,24186,0.0001,1.0,1/250,-0.00015782990746131677,0.00015782990739501737,certified,88.6443243008107,mosek,optimal,,
0,2,3,4,q,0,2,8,6,53186,0.0001,1.0,1/250,-0.00011330978442736438,0.00011330978896302491,certified,377.44511429965496,mosek,optimal,,
1,2,3,4,q,0,2,8,4,30211,0.0001,1.0,1/250,-4.380205178142107e-05,4.3802059511719085e-05,certified,163.0627740006894,mosek,optimal,,
2,2,3,4,q,0,2,10,4,74475,0.0001,1.0,1/250,-1.8020396938920416e-05,1.8020399091771885e-05,certified,634.9376210011542,mosek,optimal,,
0,3,3,4,q,0,2,8,4,30211,0.0001,1.0,1/250,-8.864385662333822e-06,8.864383792360673e-06,certified,156.9477987997234,mosek,optimal,,
1,3,3,4,q,0,2,8,2,24186,0.0001,1.0,1/250,-3.904671013228162e-06,3.904671353573848e-06,certified,108.83290399983525,mosek,optimal,,
2,3,3,4,q,0,2,8,2,24186,0.0001,1.0,1/250,-1.7433723081550293e-06,1.7433721349858176e-06,certified,104.50373870134354,mosek,optimal,,
1,1,4,4,q,0,2,12,4,181800,0.0001,1.0,1/250,-0.00017516203139969746,0.00017516202487300754,certified,2303.286724600941,mosek,optimal,,
2,1,4,4,q,0,2,8,2,24186,0.0001,1.0,1/250,-6.637357167660701e-05,6.637357296818118e-05,certified,111.32596600055695,mosek,optimal,,
0,2,4,4,q,0,2,8,2,24186,0.0001,1.0,1/250,-1.880438120330793e-05,1.8804379916170075e-05,certified,98.35152260027826,mosek,optimal,,
1,2,4,4,q,0,2,8,2,24186,0.0001,1.0,1/250,-7.748770291298512e-06,7.748769398559891e-06,certified,82.91620540060103,mosek,optimal,,
2,2,4,4,q,0,2,10,2,68450,0.0001,1.0,1/250,-3.280676425503162e-06,3.2806748566891867e-06,certified,455.03949449956417,mosek,optimal,,
0,3,4,4,q,0,2,8,2,24186,0.0001,1.0,1/250,-7.272557417320314e-07,1e-06,certified,89.06362989917397,mosek,optimal,,
1,3,4,4,q,0,2,8,2,24186,0.0001,1.0,1/250,-3.327915828394318e-07,0.0,certified,96.71464070118964,mosek,optimal,,
2,3,4,4,q,0,2,8,2,24186,0.0001,1.0,1/250,-1.5167109732520437e-07,0.0,certified,100.57617339864373,mosek,optimal,,
2,2,2,4,q,0,2,8,4,30211,0.0001,1.0,1/250,-9.78718138514603e-05,9.787181502528104e-05,certified,305.8462070003152,mosek,optimal,,
0,1,2,5,q,0,2,8,2,90393,0.0001,1.0,1/250,-0.0017467023416204487,0.0017467023375442874,certified,1212.3013391010463,mosek,optimal,,
0,1,2,5,q,1,2,8,2,90393,0.0001,1.0,1/250,-0.0034934046832408973,0.00349340468379682,certified,1176.6619188003242,mosek,optimal,,
0,1,2,5,q,2,2,8,0,87813,0.0001,1.0,1/250,-0.006986809366481795,0.00698680936759364,certified,1212.0757666006684,mosek,optimal,,
0,1,2,3,q,2,2,6,0,1880,0.0001,1.0,1/250,-0.033663127127232656,0.033663127127335775,certified,6.094903698191047,mosek,optimal,,
1,1,2,3,q,2,2,6,0,1880,0.0001,1.0,1/250,-0.006105471902092177,0.006105471901048669,certified,9.074184799566865,mosek,optimal,,
2,1,2,3,q,2,2,6,0,1880,0.0001,1.0,1/250,-0.002609910518874275,0.00260991051899902,certified,7.098961800336838,mosek,optimal,,
0,2,2,3,q,2,2,6,0,1880,0.0001,1.0,1/250,-0.006076221403142323,0.006076221403616049,certified,9.611342100426555,mosek,optimal,,
1,2,2,3,q,2,2,6,0,1880,0.0001,1.0,1/250,-0.0023776863283035874,0.002377686328303612,certified,8.853372199460864,mosek,optimal,,
2,2,2,3,q,2,2,6,0,1880,0.0001,1.0,1/250,-0.0011479413083277212,0.0011479413088916254,certified,8.532986901700497,mosek,optimal,,
0,3,2,3,q,2,2,6,0,1880,0.0001,1.0,1/250,-0.0013466581126607114,0.0013466580903344668,certified,8.567470099776983,mosek,optimal,,
1,3,2,3,q,2,2,6,0,1880,0.0001,1.0,1/250,-0.0007236150014449491,0.0007236150021249995,certified,6.0097287986427546,mosek,optimal,,
2,3,2,3,q,2,2,6,0,1880,0.0001,1.0,1/250,-0.0003983868642514755,0.0003983868640865492,certified,7.668720601126552,mosek,optimal,,
0,1,3,3,q,2,2,6,0,1880,0.0001,1.0,1/250,-0.00948930778599907,0.009489307782906966,certified,7.2510053999722,mosek,optimal,,
1,1,3,3,q,2,2,6,0,1880,0.0001,1.0,1/250,-0.003130314867754422,0.0031303148701447943,certified,10.74151779897511,mosek,optimal,,
2,1,3,3,q,2,2,6,0,1880,0.0001,1.0,1/250,-0.0013855056705188928,0.0013855056700804113,certified,14.708513099700212,mosek,optimal,,
0,2,3,3,q,2,2,6,0,1880,0.0001,1.0,1/250,-0.001267039028018011,0.0012670390239363255,certified,8.456512700766325,mosek,optimal,,
1,2,3,3,q,2,2,6,0,1880,0.0001,1.0,1/250,-0.0006279727318404182,0.0006279727330513118,certified,6.4658761993050575,mosek,optimal,,
2,2,3,3,q,2,2,6,0,1880,0.0001,1.0,1/250,-0.00032737707632025264,0.00032737707491924144,certified,8.425569901242852,mosek,optimal,,
0,3,3,3,q,2,2,8,0,4850,0.0001,1.0,1/250,-0.00020277564155510525,0.00020277564068156472,certified,18.816067900508642,mosek,optimal,,
1,3,3,3,q,2,2,6,0,1880,0.0001,1.0,1/250,-0.00011963509935380132,0.0001196351129056378,certified,7.298907300457358,mosek,optimal,,
2,3,3,3,q,2,2,6,0,1880,0.0001,1.0,1/250,-6.965623995549078e-05,6.965623962839079e-05,certified,7.316538400948048,mosek,optimal,,
0,1,2,4,q,2,2,6,0,6815,0.0001,1.0,1/250,-0.01250142627339244,0.01250142627457082,certified,37.184685699641705,mosek,optimal,,
0,1,2,2,q,2,2,4,0,199,0.0001,1.0,1/250,-0.0964725650655629,0.09647256506654739,certified,1.364419100806117,mosek,optimal,,
1,1,2,2,q,2,2,4,0,199,0.0001,1.0,1/250,-0.030104805913867994,0.03010480591477441,certified,1.4033166002482176,mosek,optimal,,
2,1,2,2,q,2,2,4,0,199,0.0001,1.0,1/250,-0.017022241993065373,0.017022241994459442,certified,0.9697374999523163,mosek,optimal,,
0,2,2,2,q,2,2,4,0,199,0.0001,1.0,1/250,-0.05217476471318727,0.05217476471353882,certified,0.752836100757122,mosek,optimal,,
1,2,2,2,q,2,2,4,0,199,0.0001,1.0,1/250,-0.027083333333333348,0.027083333333333334,certified,0.806793998926878,mosek,optimal,,
1,1,2,5,q,2,2,6,0,20556,0.0001,1.0,1/250,-0.0007894765915172437,0.0007894765928084998,certified,85.57516969999995,mosek,optimal,,
2,1,2,5,q,2,2,8,0,87813,0.0001,1.0,1/250,-0.00020529702438305448,0.0002052970233732462,certified,572.7110748,mosek,optimal,,
0,2,2,5,q,2,2,10,0,316446,0.0001,1.0,1/250,-0.0004866783610314082,0.0004866783611224315,certified,4985.670426199999,mosek,optimal,,
1,2,2,5,q,2,2,6,0,20556,0.0001,1.0,1/250,-0.00011093333333334068,0.00011093333333333334,certified,127.13811960000021,mosek,optimal,,
2,2,2,5,q,2,2,8,0,87813,0.0001,1.0,1/250,-3.207462403378552e-05,3.2074624443882614e-05,certified,950.6634967999998,mosek,optimal,,
0,3,2,5,q,2,2,8,0,87813,0.0001,1.0,1/250,-4.037439312159668e-05,4.03743935063932e-05,certified,876.2431869000011,mosek,optimal,,
1,3,2,5,q,2,2,6,0,20556,0.0001,1.0,1/250,-1.2290494158918244e-05,1.2290493180619858e-05,certified,99.32974689999901,mosek,optimal,,
2,3,2,5,q,2,2,8,0,87813,0.0001,1.0,1/250,-4.007468526496948e-06,4.007469923938221e-06,certified,899.7288176000002,mosek,optimal,,
0,1,3,5,q,2,2,8,0,87813,0.0001,1.0,1/250,-0.0012360380503916668,0.0012360380458539969,certified,963.8093893999994,mosek,optimal,,
1,1,3,5,q,2,2,6,0,20556,0.0001,1.0,1/250,-0.00024244570279313162,0.00024244570373135004,certified,103.7776485000013,mosek,optimal,,
2,1,3,5,q,2,2,8,0,87813,0.0001,1.0,1/250,-6.464688051581872e-05,6.464687924886483e-05,certified,971.2125756000005,mosek,optimal,,
0,2,3,5,q,2,2,8,0,87813,0.0001,1.0,1/250,-3.650450084972283e-05,3.650450079021508e-05,certified,998.9654780000001,mosek,optimal,,
1,2,3,5,q,2,2,6,0,20556,0.0001,1.0,1/250,-1.0575965944286891e-05,1.0575967172197898e-05,certified,104.62484240000049,mosek,optimal,,
2,2,3,5,q,2,2,8,0,87813,0.0001,1.0,1/250,-3.292589322295461e-06,3.292589369106951e-06,certified,996.1105352999984,mosek,optimal,,
0,3,3,5,q,2,2,10,0,316446,0.0001,1.0,1/250,-1.2739231357716002e-06,1.273922675441446e-06,certified,6343.3137513,mosek,optimal,,
1,3,3,5,q,2,2,8,0,87813,0.0001,1.0,1/250,-4.3745268098400593e-07,0.0,certified,1048.4180720000004,mosek,optimal,,
2,3,3,5,q,2,2,8,0,87813,0.0001,1.0,1/250,-1.516264727247183e-07,0.0,certified,1029.1473074999994,mosek,optimal,,
0,1,4,5,q,2,2,6,0,20556,0.0001,1.0,1/250,-0.00030137427528120135,0.00030137426665595115,certified,100.20827089999875,mosek,optimal,,
1,1,4,5,q,2,2,6,0,20556,0.0001,1.0,1/250,-7.179088859603661e-05,7.179088844166696e-05,certified,99.01908919999914,mosek,optimal,,
2,1,4,5,q,2,2,8,0,87813,0.0001,1.0,1/250,-2.0046640021112718e-05,2.004664185337886e-05,certified,1007.4799660000026,mosek,optimal,,
0,2,4,5,q,2,2,8,0,87813,0.0001,1.0,1/250,-3.4130290959273037e-06,3.4130275260669976e-06,certified,978.9256934000005,mosek,optimal,,
1,2,4,5,q,2,2,6,0,20556,0.0001,1.0,1/250,-1.0863188489501423e-06,1.0863188997762184e-06,certified,118.87703369999872,mosek,optimal,,
2,2,4,5,q,2,2,8,0,87813,0.0001,1.0,1/250,-3.56688244490226e-07,0.0,certified,1003.2093793000022,mosek,optimal,,
0,3,4,5,q,2,2,8,0,87813,0.0001,1.0,1/250,-4.9200430591539265e-08,0.0,certified,1020.0287886000006,mosek,optimal,,
1,3,4,5,q,2,2,8,0,87813,0.0001,1.0,1/250,-1.7703697658354595e-08,0.0,certified,988.5659559999986,mosek,optimal,,
2,3,4,5,q,2,2,8,0,87813,0.0001,1.0,1/250,-6.350750317171867e-09,0.0,certified,1054.6779800999975,mosek,optimal,,
1,1,2,5,q,1,2,8,2,90393,0.0001,1.0,1/250,-0.0005263177276781648,0.0005263177266018646,certified,1140.2706386999998,mosek,optimal,,
2,1,2,5,q,1,2,8,2,90393,0.0001,1.0,1/250,-0.00015397276828728928,0.00015397276850627982,certified,1164.0307386999993,mosek,optimal,,
0,2,2,5,q,1,2,6,2,23136,0.0001,1.0,1/250,-0.0003244522406876096,0.0003244522482632262,certified,143.52950810000038,mosek,optimal,,
1,2,2,5,q,1,2,8,2,90393,0.0001,1.0,1/250,-8.319999999999853e-05,8.32e-05,certified,1135.3809597,mosek,optimal,,
2,2,2,5,q,1,2,8,2,90393,0.0001,1.0,1/250,-2.5659699227022528e-05,2.5659698632949008e-05,certified,1148.492070100001,mosek,optimal,,
0,3,2,5,q,1,2,8,2,90393,0.0001,1.0,1/250,-3.0280794841200096e-05,3.0280793800915894e-05,certified,1091.3718460999953,mosek,optimal,,
1,3,2,5,q,1,2,8,2,90393,0.0001,1.0,1/250,-9.832395327130142e-06,9.832394544495887e-06,certified,1103.7192422000007,mosek,optimal,,
2,3,2,5,q,1,2,8,2,90393,0.0001,1.0,1/250,-3.3395571054243477e-06,3.3395560394201195e-06,certified,1102.0791163999966,mosek,optimal,,
0,1,3,5,q,1,2,8,2,90393,0.0001,1.0,1/250,-0.0008240253669277743,0.000824025369007908,certified,1079.470390800001,mosek,optimal,,
1,1,3,5,q,1,2,8,2,90393,0.0001,1.0,1/250,-0.0001818342770948471,0.00018183427719678535,certified,1076.4872978999992,mosek,optimal,,
2,1,3,5,q,1,2,8,2,90393,0.0001,1.0,1/250,-5.1717504412653925e-05,5.171750605256438e-05,certified,919.3559518999973,mosek,optimal,,
0,2,3,5,q,1,2,8,2,90393,0.0001,1.0,1/250,-2.9203600679779647e-05,2.9203600632172062e-05,certified,929.4660365000018,mosek,optimal,,
1,2,3,5,q,1,2,8,2,90393,0.0001,1.0,1/250,-8.813304953572779e-06,8.813305976831581e-06,certified,925.2870696999962,mosek,optimal,,
2,2,3,5,q,1,2,8,2,90393,0.0001,1.0,1/250,-2.822219419107943e-06,2.822219901730303e-06,certified,921.7793368999992,mosek,optimal,,
0,3,3,5,q,1,2,8,2,90393,0.0001,1.0,1/250,-1.0919341163777072e-06,1.0919343179669056e-06,certified,1021.6159183999989,mosek,optimal,,
1,3,3,5,q,1,2,8,2,90393,0.0001,1.0,1/250,-3.8277109585664215e-07,0.0,certified,940.6945975999988,mosek,optimal,,
2,3,3,5,q,1,2,8,2,90393,0.0001,1.0,1/250,-1.3477908687041073e-07,0.0,certified,903.2555044999972,mosek,optimal,,
0,1,4,5,q,1,2,6,2,23136,0.0001,1.0,1/250,-0.00022603070646090142,0.00022603070575506304,certified,121.33005969999795,mosek,optimal,,
1,1,4,5,q,1,2,8,2,90393,0.0001,1.0,1/250,-5.7432710876830235e-05,5.7432711834814334e-05,certified,878.7622443,mosek,optimal,,
2,1,4,5,q,1,2,8,2,90393,0.0001,1.0,1/250,-1.670553335092745e-05,1.6705534877815718e-05,certified,921.8589369999972,mosek,optimal,,
0,2,4,5,q,1,2,8,2,90393,0.0001,1.0,1/250,-2.9254535107889687e-06,2.9254521652002837e-06,certified,936.6994120999952,mosek,optimal,,
1,2,4,5,q,1,2,8,2,90393,0.0001,1.0,1/250,-9.505289928264737e-07,1e-06,certified,942.3949127999949,mosek,optimal,,
2,2,4,5,q,1,2,8,2,90393,0.0001,1.0,1/250,-3.170562173324729e-07,0.0,certified,994.7518320000017,mosek,optimal,,
0,3,4,5,q,1,2,8,2,90393,0.0001,1.0,1/250,-4.4280387535657956e-08,0.0,certified,1052.3495431000047,mosek,optimal,,
1,3,4,5,q,1,2,8,2,90393,0.0001,1.0,1/250,-1.6094270594742584e-08,0.0,certified,1165.6105968999982,mosek,optimal,,
2,3,4,5,q,1,2,8,2,90393,0.0001,1.0,1/250,-5.821521125283884e-09,0.0,certified,1129.2942964999966,mosek,optimal,,
1,1,2,5,q,0,2,10,2,319026,0.0001,1.0,1/250,-0.00035087848511877403,0.000350878484401243,certified,6512.0879990999965,mosek,optimal,,
2,1,2,5,q,0,2,10,2,319026,0.0001,1.0,1/250,-0.00011547957621546823,0.00011547957512754719,certified,5827.018819300007,mosek,optimal,,
