s,l,n,m,q,d_L,d_dec,d_bnd,n_sdp,c,delta,eps_R,eps_M,rho,alpha,mu,w1,mu_z2,status,runtime_s,solver,solver_status,decrease_rate,max_den,q_max_den,mosek_tol,attempt_count,max_d_L_tested,exhausted_to_max_d_L,sweep_note,min_projected_lambda_float,max_gram_basis_size,rough_min_max_den_for_screen,verified,lyapunov_function
0,1,2,2,2,4,10,4,1114,1.0,1/250,1.5082900835043734e-05,1e-06,0.496,-0.0964725650655629,1e-06,1.0,1e-06,certified,153.54639199993107,mosek,optimal,pL,100000000,1000000000000,1e-10,1,,,,,,,True,1306794384765625*x1**4/2263055560982436 - 89180908203125*x1**3*x2/127419795598612 + 21064313042593311335546875*x1**3/132412853632301000973138606 + 497046045323706787109375*x1**2*x2**2/200312530008027771091164 - 10956527360546207552133799003903376201171875*x1**2*x2/5478323592965761981038465789305731760047424 + 62047063609015481783615646601841157186820819424196391497296875*x1**2/33135130147559566279622121942449381196969784635596729168467584 + 3586492919921875*x1*x2**3/6084077108422104 - 6748571823439871690651134894623127718740234375*x1*x2**2/7363360867105615741214584160530724282343946896 - 2930964007138132848675336811484708499565738363866223434361710009375*x1*x2/2164831579790917853227577671024759758267575755293945384950977320512 - 31663789731018984779031631431122842132682374345535147472619603870556305053241742946875*x1/39281346707608049486497507165327943326767988645509401946974790023049087811594746427776 + 72534521484375*x2**4/78030861485302 - 34615480727345863016356337890625*x2**3/15375448338754392263669399530128 + 37163512366858800030524300018466636018176927827592305892577923359375*x2**2/16666723934547437968233531832334599950420848100993663378494231581408 - 118344713925606482690088808291762458938442285333138313863332878138653764207545652040625*x2/948391882185792363741369872677625797024110147525711578186869078290201269574844674910976 + 2108390821974230950822550040744454619899621831030042050528004791014353824753135457416101995520419778928125/13011516566207583768711783460489350124778169528243572269000427278420718066126257464191244207572120663367168
0,1,3,2,2,4,10,4,1114,1.0,1/250,0.0003830196695583684,1e-06,0.6626666666666666,-0.04871280977705328,1e-06,1.0,1e-06,certified,154.86099319998175,mosek,optimal,pL,100000000,1000000000000,1e-10,1,,,,,,,True,3107156994140625000*x1**4/6354151752310705777 - 86707833750000000*x1**3*x2/252630118179991601 - 55719272957644223227754437500000*x1**3/42776861713093385120408245370507 + 980084289573111128906250000*x1**2*x2**2/598550651323693297940035577 - 16662773701059944732674842943436515795953562500000*x1**2*x2/5718982124828175385385480902047622271283948799237 + 14089943714909837309374117377831864303228655243306554782007963634312500*x1**2/3105680647722982011025198253048245510190411921209179703682601859212767 + 505603265625000000*x1*x2**3/1432524608967824729 - 10955017812458662014687888151535981823573300000000*x1*x2**2/8858441473464497593285265470350272507627227685479 + 3212379684137616861324760093813745738016864800651370863714457012604563935250000*x1*x2/1032682895070699468096095042564204298443075907724215623290195870791522117422801 - 2577448255188162620795538051400728403559405701541676521223109511040363269009002581109480230503250000*x1/560796171845347877731546315672059188010380285547124559538795911411019733470690455002075454251775491 + 14571276996093750000*x2**4/21449103866883803999 - 1779058996444789194533804859375000*x2**3/810297826628005055467642970747293 + 10262222781348081244526775844999150961715337195142230096437135373406250*x2**2/2847078677043778474603873957958394022368269888688943357438642795353977 - 168116198261117380573601101621379788058434547850946340883674315570428154259007596386350175612875000*x2/47414490936789300490572858690205615304580579790705801969467808578926878471506378373471873022354809 + 1155486597860874799382640560219935455028890106486856329656772723117580073483463997751446079421262082264052285256793625000/540715032484455702704524265567064547511135780471588389870980093843224000392423046473477410171816080355808805645067813399
0,1,4,2,2,2,6,2,293,1.0,1/250,0.0007129930739808731,1e-06,0.746,-0.030688051662089544,1e-06,1.0,1e-06,certified,3.809024199959822,mosek,optimal,pL,100000000,1000000000000,1e-10,7,,,,,,,True,2331030062500*x1**2/1770011520481 + 62313670000*x1*x2/75054947727 - 826942249217376250*x1/318285241624413901 + 9475494125000*x2**2/6590110960519 - 3293740758820780000*x2/1185040343031487099 + 121609444496197168045025625/60304754850548434703319244
0,2,2,2,2,2,6,2,293,1.0,1/250,0.0009941255261643397,1e-06,0.6626666666666666,-0.05217476471318727,1e-06,1.0,1e-06,certified,5.483116899966262,mosek,optimal,pL,100000000,1000000000000,1e-10,7,,,,,,,True,852386025000*x1**2/379080019129 + 2837250000*x1*x2/13249315751 - 63864361104800000*x1/20333473146060431 + 5463742359375*x2**2/2910094788979 - 413043956139187500*x2/156094574386044581 + 198042555561545557212500/102666590362863978691569
0,2,3,2,2,2,6,2,293,1.0,1/250,0.001268696791271474,1e-06,0.796,-0.02580313459714939,1e-06,1.0,1e-06,certified,3.690498200012371,mosek,optimal,pL,100000000,1000000000000,1e-10,7,,,,,,,True,1041789828125*x1**2/701063314372 + 31523906250*x1*x2/202599230813 - 2243538748473231250*x1/896662257537559709 + 2336322125000*x2**2/1544556575369 - 20107867732482325000*x2/7901971518823283797 + 70599173004938552952922500/34972490234207457665776021
0,1,2,2,2,2,4,2,136,1.0,1/250,0.0002471566327432401,1e-06,0.496,-0.0964725650655629,1e-06,1.0,1e-06,certified,1.4970779999857768,mosek,optimal,L,100000000,1000000000000,1e-10,4,,,,,,,True,115087906250*x1**2/88400620799 + 983412500*x1*x2/4607109919 - 596971667213387500*x1/423799559759449121 + 48335621875*x2**2/76131480944 - 270678301751578125*x2/364980334032530576 + 72191953192739308393221875/134295475995430135189798336
0,1,3,2,2,2,4,2,136,1.0,1/250,0.0011674417280212435,1e-06,0.6626666666666666,-0.04871280977705328,1e-06,1.0,1e-06,certified,1.2347918000305071,mosek,optimal,L,100000000,1000000000000,1e-10,4,,,,,,,True,13293669187500*x1**2/7224696337453 + 5550147843750*x1*x2/4964513597617 - 464467113036893562500*x1/145205653259351507389 + 4236529250000*x2**2/2711239205493 - 462431673071926437500*x2/163475629253132195727 + 28819892207767061899806125000/14344357249265354869222896777
0,1,4,2,2,2,4,2,136,1.0,1/250,0.0012825807781530667,1e-06,0.746,-0.030688051662089544,1e-06,1.0,1e-06,certified,1.420869099907577,mosek,optimal,L,100000000,1000000000000,1e-10,4,,,,,,,True,18622808500000*x1**2/13606377526263 + 4596524750000*x1*x2/5874281125199 - 505525943543047562500*x1/191495390812024815851 + 17219363500000*x2**2/11962628216733 - 462321443885248187500*x2/168361355627577366041 + 11084981402608672436626828125/5488403245674257549124890909
0,2,2,2,2,2,4,2,136,1.0,1/250,0.0018282176485042117,1e-06,0.6626666666666666,-0.05217476471318727,1e-06,1.0,1e-06,certified,1.4032981999916956,mosek,optimal,L,100000000,1000000000000,1e-10,4,,,,,,,True,7514654343750*x1**2/3733661822401 + 53131546875*x1*x2/61289849152 - 1510767206118015625*x1/463213020334357664 + 2372455762500*x2**2/1513888272911 - 500994076251634375*x2/187819034690430304 + 2805346642018686352178125/1419488276426908832689328
0,2,3,2,2,2,4,2,136,1.0,1/250,0.00228154289899309,1e-06,0.796,-0.02580313459714939,1e-06,1.0,1e-06,certified,1.3331175000639632,mosek,optimal,L,100000000,1000000000000,1e-10,4,,,,,,,True,5181853937500*x1**2/3895602762123 + 115717550000*x1*x2/226271441381 - 56479396506835220000*x1/22258621045765917063 + 1788394593750*x2**2/1360347771749 - 19529635236814310000*x2/7772729251611772969 + 1544519806667407803097564000/764613659801849989336167987
0,2,4,2,2,2,4,2,136,1.0,1/250,0.0013864586396687033,1e-06,0.8531428571428571,-0.015255241096507943,1e-06,1.0,1e-06,certified,1.2674097999697551,mosek,optimal,L,100000000,1000000000000,1e-10,4,,,,,,,True,9861544000000*x1**2/8561997884851 - 8990311750000*x1*x2/15389267363089 - 87115502467675500000*x1/59111699479093794811 + 217028760375000*x2**2/219267187881107 - 1810591561891959000000*x2/1513812113710835364827 + 6653161255927950650137500000/5814702196162576009001624873
0,3,2,2,2,2,4,2,136,1.0,1/250,0.0026305560282519885,1e-06,0.746,-0.032222798486646886,1e-06,1.0,1e-06,certified,1.3073164999950677,mosek,optimal,L,100000000,1000000000000,1e-10,4,,,,,,,True,1136791812500*x1**2/648987672463 + 326689600000*x1*x2/1432357680833 - 18698128129685868750*x1/6681442958824610951 + 4086353850000*x2**2/2707048396319 - 67871931112881375000*x2/27869542387670253463 + 1020615231542143665974709375/520006309160075539221690244
0,3,3,2,2,2,4,2,136,1.0,1/250,0.0009515291320710874,1e-06,0.8531428571428571,-0.016074367090180175,1e-06,1.0,1e-06,certified,1.604980600066483,mosek,optimal,L,100000000,1000000000000,1e-10,4,,,,,,,True,27396052359375*x1**2/25241240423779 - 1807078437500*x1*x2/2458277712013 - 34254701131220812500*x1/27836973865239161023 + 30980477390625*x2**2/34206009630538 - 17400942551387156250*x2/18861826521456818153 + 1379619325909120340012343750/1495109029194925166072504741
0,3,4,2,2,2,4,2,136,1.0,1/250,0.00016617527986812015,1e-06,0.896,-0.009466674123097873,1e-06,1.0,1e-06,certified,1.3468942999606952,mosek,optimal,L,100000000,1000000000000,1e-10,4,,,,,,,True,1158674703125*x1**2/973381434368 - 6287359375*x1*x2/26698892248 - 127998971659310821875*x1/66296443960191112192 + 1500840925*x2**2/1508829952 - 162218167649860635*x2/102765531400517888 + 50370846855086673053715321/31897340675454670191161344
1,1,2,2,2,2,6,2,293,1.0,1/250,5.694441374417218e-07,1e-06,0.6626666666666666,-0.030104805913867994,1e-06,1.0,1e-06,certified,3.1138725999044254,mosek,optimal,L,100000000,1000000000000,1e-10,5,,,,,,,True,21116024718750*x1**2/12295597452397 + 14344600500000*x1*x2/12929908660109 - 1949812827655498125000*x1/643624126979025574697 + 187690012500*x2**2/108640874573 - 121140729443321450000*x2/39808331254661726911 + 12033177901517149297352225000/5944729338109072139520164889
1,1,3,2,2,2,6,2,293,1.0,1/250,7.984508259599305e-07,1e-06,0.746,-0.022852107569267005,1e-06,1.0,1e-06,certified,3.127353399991989,mosek,optimal,L,100000000,1000000000000,1e-10,5,,,,,,,True,14911287000*x1**2/14333208709 + 7048870500000*x1*x2/5791296241859 - 1475668046029090500*x1/596625130132556039 + 4955013875000*x2**2/3790135105133 - 23863146507788437500*x2/8303462099541322597 + 1715322365406975031518375/855430968956846595265537
1,1,4,2,2,2,6,2,293,1.0,1/250,9.195439685196075e-07,1e-06,0.796,-0.016989177352640605,1e-06,1.0,1e-06,certified,3.1690048000309616,mosek,optimal,L,100000000,1000000000000,1e-10,5,,,,,,,True,144668420000*x1**2/115660383443 + 2112113625000*x1*x2/3648603642529 - 26261222092058588000*x1/10656268688326826147 + 5139013375000*x2**2/3886168615893 - 923380228190914300000*x2/358048760572437112197 + 2109583579863134596619033600/1045732606224564444678382671
1,2,2,2,2,2,6,2,293,1.0,1/250,2.5249911590370803e-06,1e-06,0.746,-0.027083333333333348,1e-06,1.0,1e-06,certified,2.987230300088413,mosek,optimal,L,100000000,1000000000000,1e-10,5,,,,,,,True,668524700000*x1**2/372081449827 + 2192500000*x1*x2/5025148734141 - 12074563693537525000*x1/4479690614694509061 + 14035138500000*x2**2/7811984690251 - 253495757013222625000*x2/94052725593618595293 + 169489624296380059375731250/83843709792242202454524453
1,2,3,2,2,2,6,2,293,1.0,1/250,3.6822012414673043e-07,1e-06,0.8293333333333334,-0.0166523366405959,1e-06,1.0,1e-06,certified,2.892194499960169,mosek,optimal,L,100000000,1000000000000,1e-10,5,,,,,,,True,85454088750*x1**2/61168584983 - 406285453125*x1*x2/1370561524018 - 3608114507271871875*x1/1733549261408071228 + 10088243015625*x2**2/9447665109644 - 51295880557378359375*x2/33468963025313442038 + 254985253870959344825828125/169332336026862423631984592
1,2,4,2,2,4,6,4,344,1.0,1/250,7.5478627007177766e-06,1e-06,0.871,-0.010828303765606895,1e-06,1.0,1e-06,certified,5.684653099975549,mosek,optimal,L,100000000,1000000000000,1e-10,13,,,,,,,True,32541814000000000000*x1**4/62974281190840089239 - 770128000000000000*x1**3*x2/1100502394626299197 - 42830790815889812907336148000000000*x1**3/101621228873300722714295261169934807 + 1659856563293990000000000000*x1**2*x2**2/1560456897356632875362359259 + 245893339541120213837338383921207158093750000*x1**2*x2/822322572497128276491046028642695039867522171 + 692887544568474415458485042625898666018627595711331708833386259281250*x1**2/2443357336621907536249997457171579129726999092498953143807622045225421 + 5415265000000000000*x1*x2**3/47052512456973264189 - 725291899137327191923209522032797193855000000000*x1*x2**2/297211111701237741154018550456633798155124317107 + 591323643328405832285517747391906747663726363869460163411011007913363437500*x1*x2/273042023014825829982722434422930052494053484769332988945260034309305510339 - 4973361806161404085049512205598171455192305439436157962278369794644752188302066034002800030058921875*x1/3330544720863717955429432645232109728605744881044043065777296021335958041752300152724350309973120418 + 26829551000000000000*x2**4/33599349326498846969 - 74582610831217895979577832500000000*x2**3/20928189786379105816906400523819519 + 104428101673229339826459580041403541304726063653608034111671641172500000*x2**2/13989390699421116676374239359544425216441765568676752580278285854067161 - 626144926428553822522620687886322452542994594077280058726502027607721712590521091249417901015625*x2/94977380786683100221782298893125526313728798281390127061700391547923808730591721177129957697548 + 904422068359898379733188209851126385436631612461801812296176981696129168409274107450008616973772833192136454306760265625/356469686565285056178068844260118942999961490418036190116159875011144353768173436283766040194533556899139227871706895008
1,3,2,2,2,2,6,2,293,1.0,1/250,2.794245015791874e-06,1e-06,0.796,-0.020592647819472676,1e-06,1.0,1e-06,certified,3.3489820999093354,mosek,optimal,L,100000000,1000000000000,1e-10,5,,,,,,,True,1647550375000*x1**2/1044846208739 - 6236870000*x1*x2/143158288217 - 9397831628467056000*x1/3777136806977033563 + 420142125000*x2**2/338625339329 - 2387448652824016000*x2/1224136358305103593 + 57340578244071328072179200/32298028659747318627830027
1,3,3,2,2,4,6,4,344,1.0,1/250,8.521706633167474e-06,1e-06,0.871,-0.01181529023734984,1e-06,1.0,1e-06,certified,5.58352530002594,mosek,optimal,L,100000000,1000000000000,1e-10,13,,,,,,,True,32991710000000000000*x1**4/82054406106454574429 - 2980916400000000000*x1**3*x2/4558198740913370657 + 13528488137007587225588000000000*x1**3/5287878435919592800555257179083439 + 4598287090625264000000000000*x1**2*x2**2/5437843713902948456439809231 + 293058763732321066085631596970387599953750000000*x1**2*x2/1074598042454500139296391587616494653877116055321 - 2465806218266303291438865166797888262267295090599684196652626750000*x1**2/10130482109615049412977210605470306560970770266141538873714887527099 + 30472198000000000000*x1*x2**3/80084341707670606501 - 27394110909488493403506502738484303408877625000000*x1*x2**2/14276855807432640987856480155825105429957516257451 + 643589154158728983336110271027049308530833517498529530776700722577750000*x1*x2/467129498008280348211384769708988310293141907736816875195464098689172317 - 18665515662388872166395071154782539155021914932607547598908583361139147593241907411731265625*x1/21091581862015203986238883008852728431354469398526101734945852997824327143520418192368308847 + 5776529000000000000*x2**4/6678811122002999603 - 44791760872618076916146760000000000*x2**3/11603967135903265558286654654133763 + 11282195925830913051162857545963868443424482122393236176115942435236625000*x2**2/1598054903647270139545212750833149041897823232980543411562434934672506173 - 15802783116340709507257792827351654085326664623543790601317578945459659261575049018986607875000*x2/2751964419673542778332404025134377474975288149675006090065991450586791898431928658156643632889 + 40305279245057574244381055817615015418173906712141403486983078952069314166369137135729137112174674331105286334359375/18886794837683446600803956009398875556962106798948707127388236897613350800467434703174627696577986605551209992872648
1,3,4,2,2,4,6,4,344,1.0,1/250,8.05812714575929e-06,1e-06,0.9050909090909091,-0.007465598146205621,1e-06,1.0,1e-06,certified,5.88256719999481,mosek,optimal,L,100000000,1000000000000,1e-10,13,,,,,,,True,1545792147496093750000*x1**4/3811867348236236236283 - 2904931676367187500000*x1**3*x2/4300591279589962480949 - 160389937129768404068814959375000000*x1**3/1436951933737063296268590275390242127 + 1404117986335208847656250000*x1**2*x2**2/1387483657299456042506032979 + 303406009020524848458763859955850921047065950000000*x1**2*x2/2320084512677234323384694503119830912413855985250267 - 13854894520732441066992852813126935816853928139543304782749588309926500000*x1**2/63472904899763780371357417184869304986251617684842868778164989333454730297 + 929424634703125000000*x1*x2**3/5165056575404927866007 - 1183024032500047938808192431453837566743495000000*x1*x2**2/715273950744375877120479219063637051150611470097 + 102590946181033964220870610472992138267736238190914115982856491740021722312500*x1*x2/75806880708919624199292552229198934703852276546733119404248968336447963411591 - 82737970255832643700424893674553099960883183315756373291171350103944136789295073210174366804375000*x1/109153984958495909750489054912656444919295743624328202558774328131630125082519088852086288260581199 + 2410173110253906250000*x2**4/3243182993040984569891 - 9807855673513365823930488622113281250*x2**3/3089250404930763333504637594707621409 + 50915268591529917139394962107140871175238494689903798427084639651000000*x2**2/8753011314397109071354170409687943589504738589450067598169653468467013 - 4602487874814897619208132682251426649527307510635656709671721305059974314819760891564182430708750000*x2/927670417556503952906809360778187015110383842711418720336642365183020372769556638261399807257618739 + 76980877918295677956990562239389478467059147486118119430457668118874643684584994248454412826141130343663628447623306250000/39881632055805842207315113493535772229087079661291854704210411562283646914875150040068342601645928926254154859702572675677
2,1,2,2,2,4,8,4,633,1.0,1/250,0.0,1e-08,0.746,-0.017022241993065373,1e-08,1.0,1e-08,certified_not_verified,15.191019200021401,mosek,optimal,L,10000000000,100000000000000,1e-10,54,6,True,no verified certificate found up to d_L=6,-2.2996197986753227e-09,14,,False,
2,1,3,2,2,4,10,2,1084,1.0,1/250,0.0,1e-08,0.796,-0.013737973504974715,1e-08,1.0,1e-08,certified_not_verified,100.0898893000558,mosek,optimal,L,10000000000,100000000000000,1e-10,54,6,True,no verified certificate found up to d_L=6,-1.1051783366421506e-09,20,,False,
2,1,4,2,2,4,10,2,1084,1.0,1/250,0.0,1e-08,0.8293333333333334,-0.010809559998463003,1e-08,1.0,1e-08,certified_not_verified,102.89724720001686,mosek,optimal,L,10000000000,100000000000000,1e-10,54,6,True,no verified certificate found up to d_L=6,-1.1911237932084444e-09,20,,False,
2,2,2,2,2,4,8,6,681,1.0,1/250,0.0,1e-08,0.796,-0.017295295997540816,1e-08,1.0,1e-08,certified_not_verified,17.46901910007,mosek,optimal,L,10000000000,100000000000000,1e-10,54,6,True,no verified certificate found up to d_L=6,-4.66717333469126e-10,14,,False,
2,2,3,2,2,6,10,8,1249,1.0,1/250,0.0,1e-08,0.8531428571428571,-0.01162443170150923,1e-08,1.0,1e-08,certified,179.5412600999698,mosek,optimal,L,10000000000,100000000000000,1e-10,53,6,False,verified at d_L=6,1.3966776345803019e-09,20,25209386989,True,159434935105594302474122467041015625000*x1**6/241601609762783550551110829031988446049 - 200250530782213555309522705078125000000*x1**5*x2/13822438407516079729657499512038863630809 - 13049922947942738557490986348257309987394280950030273437500000*x1**5/3645236333276616979990939170762170210533901271361376319461323 + 15347695930487591136016894477309857482910156250*x1**4*x2**2/60019089956901846687805475751114782764551539871 - 69042290506165618370881489163142348301061553069528094663134823179443359375000*x1**4*x2/126204832089446889798294127634957711140780070675740857821805558892573714785841 + 494212389277347691794523352230259893165625307251013282664486121282892473071722629363018538148652480718267701171875000*x1**4/51145444431514605163895652485289948045251990409796016484443681350623570539464912833457183486924178115348483392455329 - 13107251956036803583829388812208551086425781250000*x1**3*x2**3/56308950163758206303220994525165866440588069934153 - 72337378130306375632473627781893395853672603004223368528074464148278122462423523748095703125000*x1**3*x2**2/82355198144121159330827065611686559915898955262630877608070199994870801587078687009729248946767 + 18720629999353383515009025992338221461137293058059979896796159326427712140780992217487967129743182324363987648248444542430385387038003299897707812500000*x1**3*x2/12098466886488868052225487511021854582231823440167979047491610632409226344914675258477011228490658246806103681723959367492541355089641138816443382884113 - 7531555554350169762456201550853051762928384391053951100216694283144145090360118028957535627045516095128950068705086099338194911424140708711734273987151408342590512955296349753958931065856156250000*x1**3/529921784949408978662627856629802461068021769064844751092488310635352086422852711369437467917441554580841976305401202103863831417876417275622150921904378697282993790674396388365901899746374743673 + 1407524914763086347576844886582554260253906250000*x1**2*x2**4/3539732652074258837782458987675462448097945287343 - 18736023003826735913324645992951358235041314620790076343043895942996605945229856400187304687500000*x1**2*x2**3/13603048093442936990190111942917884167352488796178838632046913788145126087145959401821630935353849 + 1876060101917471981600043178082768804997750603200137530297549819797424130003840254405950247599698217509007608137052943798191184806481589112388730973902164306952764421997363281250*x1**2*x2**2/345245878226166976765671482285131846789405066119654928935063122524504314382191475927307580962453413334909979976744439715901580749627352171455337876064506632314749548343452990309 - 127540925002384426331942870714593505502419426633295482850807169651261820889771963417270395997197617235677586738549670533543789960820638925393842851079652257719791048074778121632453534476892063003642647379498315465149829329446084825322782784375000*x1**2*x2/26106564052507616658321210045344749212323068711536147426602732158155640945768712716046665430959441175312646100328984847683454359667212999028302232762525842295244036853460758631598464932698887337721977027187709272687322557844315431927325538429093 + 736123975529715084826588615586666749288335640693141899818993677120904390102601768547352939867846267861704935691617008395975374693597094246488132277216506476175217185741013327075770059973145869450186731887027393289772706127532125792935398435378676039578964894284003501559110655050616851109663468750*x1**2/59036793363756746745724428407380428360710474040261943683526720393683545833124883717471175865994310618994095627965989293977896640673318038577690154533928441414529406777067744186162796946908116658455069390920633858988788673597777168368166316787693900812459752761471294954088381848267856991086797547 + 317968645264980976679190551757812500000*x1*x2**5/18858114172813182792227183699074268862729 - 217267630260924572696968318735119199237434934219359264225982987214418701171875000*x1*x2**4/248345644918536713783151082167703276551482845216027056255877058599794282322071471 + 180870986715567135211157129726947866068356369632398180130117686156146732337800698979046998129090080072983062382905729836257049119461006155192599398691406250*x1*x2**3/53782333448678430844361580339133076055172875936828290396331783813449811189449103128439341562007418050240954812399944706240374809805394036373087573517076393 - 20346517640153486538503898377427210509710114563007143385234133358518191638778326452606749857302563721230573734319731717311600580084345872969195832147626371429426524576236613357030461780264527949292847408981454332346380990271893939259559594168284375000*x1*x2**2/2470146004951544235283777917246145765762357471727832072415179215536547503427398497597817909511116514532045698285448227697834384004780044805989961155380489594258736078954507239720433379759567690623836148071751564646927103242820592010994017646014613859 + 1943079038847587239908775431499982980931492092214299260398867129702394824937763091098468736037450777459889391141140996325093141946880140583601979370449478367558747703768580306803965392065380695007441864263457014465507807533356230280779639195527780877519684017937215107898564841932103707362946987637030628004809309761404810750000*x1*x2/338557301908988025704204128092096924616183974182953357624046871034948223690236678925473945387430688921379630150185438253543377426288406780917184907360318753474096488296689738244627123301073041941418036132558785134529100980671367591982949435911841594728226616700131739346949765797035208115174422150459728017823149405263953939907 - 3467143587999425386919480150481833628724933933247155318192198493137754157387507080421052905940756277068041087883069342814304989009375156981030500669017322851170088980455957642888493788665399941520397077479287050121400199725664626116211536496150173444711601009163092079113667372700279300389720940704269229647799473687110778255932805095047170821104319489354534905229256272125000*x1/571774326862707977769625345191977316124917765585178807013821985727178096030369098440423845959676719677049618809626027267909399651728653626518283997841036965530286934230265576886215480034402591602537225500419104252816922634148102488415746243302571779698702600316689358833868014336857921660665793181279317088842518034298078923027296604472312105288197704894042279756406795820727 + 15546571801148357364737809875488281250000*x2**6/25606745342794950663791561611861419578013 - 243869013279075521302807155805001851336823426797715820312500000*x2**5/67247768943684922874905742776733647883521298852469474171975693 + 6696104105554852910484542130562554465714078893843016707699433182091756006306131118253778362615958605523023271435546875*x2**4/647422919712998202884960759156856914350621870339842961254627426582255118374728785333600575914538627597327545711179779 - 1434609018839501810014338348829576275069584208275181966639886414891817242214906034621570136615700825839634205185080003587854623288987442351957870250899064940697729120522903347983990755403796929687500*x2**3/85987189357358253675307128709033045388956213314385219596716135685636413615907158780995045257161060136283088064118381174484553500798646509003728833630906647724896429686606626247773882253893815850641 + 654091299212569713830412722968253006577712098268136198918952123158666276004967974089509923894477332216425650308863947934687908636826709903848653205658379021308223561770495927190601092152764410990144080416534351340228110897306926253856834630256243363197536725672517666203932369371324257822610639866500000*x2**2/39422419197243856834864322954426266724014666917168239458544973668610009340546285376975263617725229183149113479401979243138648125653719990392395226744076933556837494367283300446016734217040931384410782136053454736075349727147180203468953457354714391653432877089413024179763357382610583505403403599970197 - 153775888785683015694923285430222958275455872602094380908337725824838108011235342922479088280974002350786494561059199324757532536517413960241699880820301578805586996303126309699870013059244914493444652176310137443148023371029805580745201188009402621642590906436195469313749008408291234334172462422730883348441337210258563438368265211292208486554009451282047246884318472157500000*x2/18441031602354249992936942103161666724099396313875618039848891641083625383877827525156121713498577408723619381888856378000036707336426434754009784723820919053329719305396155537001419506826477443183657629499439095557037223156517688757048483327546683982096110357024895603013262260608254695335995638090427800720207040385544655833576376730326879794554586808004573387349291670360017 + 7032635846760404327207524029595633811609833857036385143600207471802637255030005628335549413067093684408354739894353110497687446729329498136398468204410836461617812039656294654573149614544735198604313277564111300533320355786684934425848363307604643614449559841509889243995617498424913900112635445711959584264982731830933938910490280027758388293640034085381451026100482746297152742453936045654940764925014499191619616633791625000/2834125454742464110363996719376782559226787162417580361194688689432583627376877375160162179686994039699630972713758416119471697514906492004232320220845326593862133428942730478616186939495562613801034523855536401365574213304792890546945398655840295103024251387835413500287538570555024249383972997981893069172163482578828303428651475872186789292982100292528735684245549662822287504765755474921687799089051506832598036572690868767
2,2,4,2,2,6,12,6,1937,1.0,1/250,0.0,1e-08,0.8848888888888888,-0.008048523011613073,1e-08,1.0,1e-08,certified,1446.2352243000641,mosek,optimal,L,10000000000,100000000000000,1e-10,51,6,False,verified at d_L=6,1.6295649698662349e-09,27,21443378597,True,56206529009394865833954418945312500000000*x1**6/90259354859994734442893817962530077052573 - 9613909846875824912823486328125000000*x1**5*x2/313050554126290216334004232581365354783 - 7986484206266250892403572717484022826697657104394531250000000*x1**5/2229019057448730212325252021413933601966805508527708926938671 + 10635600048176423953173617430840252685546875000000*x1**4*x2**2/189343411044634347786109150641204561943378661982197 - 2324887891297375614834194716042570655911650406104826691638955050781250000000*x1**4*x2/8632491481405994333831653897024788762368245484806248268244625671459202552793 + 115090483477800023528687257421417502624311550805968710048419519081975988930203252719102339399167128539744782812500000*x1**4/11178097242151958207965831377222788675394969568298926384666253376078099555535272862731478700543776496450772027079613 - 11953976002299695973774745620680809020996093750*x1**3*x2**3/32752544394543713734062239793314701317106130927 + 62843257714719291569074215175408029610256639078305457167626250092324015553568048452148437500000*x1**3*x2**2/132468109094292718584738591174766669117256977845089888231678310087581867763875058892451502878257 + 17332445974508330902830901032471986200006649525890274796965428884786254333959997396309313841891092425026625852589365941424689171318115215945312500000*x1**3*x2/30193897568609625993105094356750208345702554258561079454772288902643731233094005326734668443280880633254784952784635570115271960955413494524965130173 - 11378671960898178508455407986046419507881703063484440817749785682243133803659678263978094169387993992827338732349628709726448865353698941959621091145010499897389087644902748810711963475531250000*x1**3/684332491333271274068068796743601355188971826448602072198401069303963405955939676284114120112704633037469415340168548475103825817921600797484615506706671416661232437370424476523752888870082973 + 13859707075285977631821394749424768066406250000000*x1**2*x2**4/80522847416807655683884346779815580653438001329613 + 1185129211609918969572183565723406587369132589179330168072912996348471805106651742675781250000*x1**2*x2**3/9689490814530221943914598769407335477104440186133001631989947711531543316500497133166113311371 + 733050882674458623353577224255313524265959973162621707399240604563620863695040747204535099856738305017495197530573445709287184720079827400321392621303772644477084353189275312500000*x1**2*x2**2/545338061713231266669538865058106044518705438010250041810920999680874254212755618308427356224419916341872808842569443337136371873878681758597429883185781318622205374713817512725961 - 2519773084882628163313978688412733142496046965392671945595586232259397076901075728293428265731526494118772247470336497347025486976748478372817292131970339889509314093560807573187661003488226390685780371530359487165897338562812969019254754012500000*x1**2*x2/688907292770130311594757874965122357789072773839853153601739727028946269786171581671528745871318790161190800351742910449902284891163118977920044542413948854327009600562056464446744960652005844435253711459846263271703047494896000424478586827619231 + 1336231544226009401810453710283779186137624449755426191875268600207325732685268376302366133207398867681562599453080200955298877995938854570632384138860536660005531475476418379507127900182880644603827793335344739111372164362295594977343979813134829667148800500908813969524654696928726692046188687500*x1**2/78980034636737121516840176676463748260450749928322336054152498839071530164095519370025169725766923797764198682020585775216616822625112793141060640706104276744328758315043750710442785202598820752459578543399483751197149626677125006760165964106713471231738000891851307619097217442874940559151003943 - 1176438365453144858912182617187500000000*x1*x2**5/65849280957419178538737308968888305025817 - 777968334770735260532854345361910195310909646240507337792420830771484375000000*x1*x2**4/2317027134154674844554995404712383431497836836099596670069432032569090162260343 + 72554966862286384661764529871391451536067343704847900534630988175145100687199109639182097114572112489570933084411600210075650958572999226675000000000*x1*x2**3/71525251236094515698248062246681797889982665372180738947100274402523424026926703787278503912103786153870270089423492333404000934174152753073061014997 - 1165767112656216563589603378714263594066790410876222709969912663745536137694894882003632932336887543912456499083641062977869754086448230696629169075644653763735873427391838238642377563527871558878565126855269704357764896823694726518196453971656250000*x1*x2**2/242529582787341890843842034094897123110402863449860950828745878161817498948914800606635998657228761573667940428433032864531834476943178771660887093713484677867906523397949604618602394700205772608661738722728614872273122959012653280476281313406762013 + 13764696513559566215927700439243118417370730720927808894332525041758345463853739982376445106565212212545933164443090391966743387172621545484529596582417948206302580928923466827248489206067543533917920684721372226934370075760864815065773194993098849848520643167892191137297324240563956478426610916406544657957557942133250000*x1*x2/1999634334468362156329815227563887263223191427627064656441302807872729202150245686920528490943141895760743137405720954878400914146314656048624974087206002292041441692409631288949271127149256085739271934243209262392489098937403085481494298332295624777737023548551044053502207185260402072185789003806036818375796204231589699 - 284362265587950937204646485682179836727890582621591167711028812028704560269578823320302674845877770331514493950064476881715392962740723443494245066805079222153809226792866880031965261547953682488959166116913742699218073139121840520096443069043737042513102920759614522939020827553911735751206535034792835374539826000419776231163460111834942787270312876481058268069240837000000*x1/26822112795993631126603622076364511798379356085584188883271626471731499287167958746474506974133869694966620268066904110175322871979117856751117186520927440679632036438902952431265231022102627650054106842914960662688956092329954798336993342890397490266834844781097311074460325630184995501763298230351049385625715608933217930311904237181940516395524672020479230504872818210599 + 1181245570538955049650796875000000000000*x2**6/2047066525465744876930344449477658664289 - 315355314470391875227443301798393207836995322067617187500000000*x2**5/89937293504001640772912990813590476920802681540296530406940769 + 36620246135263967858116372559115326696469063420073856382990096377288202270662459575421192306815887342947338416966796875000*x2**4/3611153519691530997519742926705829237164837105985799036431576524816810147324012586367916415109360483982046537310705448973 - 918846153919035676040812448722178022460257951304429666774654387927911136119484976978323990327122055466965564724135038914470796384446191436165969760342470591187621664383581829715575080658693750000*x2**3/55169545571827215372555978342118837726800179185125224699276178069692861511927724012273671239973659519017453006751490588759909102805029840190464081139628048317736195429028311332302162453701610103 + 71489121072769382213988865162276683546054450308219221333247441615262644141249259440407928924562900861032269983437997907236385231963163759369877490990511205235460566142987334815245623681226558174782094920444359112431503765759472733848629455436168093315620291016104406394174946807608564955415303259437500*x2**2/4017591107626634995876096397587762396816474716268319096739755918171402913573819490877904502321894397135930298485692258958709423275910877322515965509519841109171630022581678739619994059078207156288569343374779496336155860560788677922794905175831733209626492726917634301980675651601034509418933244869681 - 43667433735311471603892464136633795877517084485516422180197495480834486212534703411664825662774310454557299448554862120475025615057811547611425732679677065219244389742799541705476996784909674538329722761159529988616069264201305237806730688988539150815485988062633293827929576967433241337839511673182354505362037553549438704750556340923301209961666788472461994933428757295000000*x2/3875586740038964674834334561864098458310876525941429805679979818811808424464004089561404426015678692040435919974917024511699999313503278097551469130843580723793891958081537551720252189962116051787260804732992356246930026312123615476850216838659273467440649132273355779709306695432379765049900051761935127835836319312187100729311749069510414152730426411296647249601481011890171 + 1458617787808603575980496641716977294275709261554126995440711682809392578587236953459381266133808490186137605922210979972752222830993719394770780056987664227103202227851712361418878243506085255612396067762920213321080431220191192714358352691791342799731972630470645316800903733781207646008166494918853015795083371189874635023756625933868574855120699292886682600459843519232047499168954360934358184301944008517963149036032000000/307604834005841969145033962382062510480094958416780691655416999917357490790281880166729290081633002813436725692282428860989006797080084191065699201110929199863224469496206494697978281213821055653745317879009746319958962133068421061588255531006060394883405312226601155030743390637703885404003895616701222029677447745224043568135153958784405873350786225323993834891323792026224661397887356336146661050214767402378802912372182759
